--------------------------------------------------------
--  파일이 생성됨 - 금요일-10월-22-2021   
--------------------------------------------------------
--------------------------------------------------------
--  DDL for Sequence BOARD_SEQ
--------------------------------------------------------

   CREATE SEQUENCE  "DOLBOM"."BOARD_SEQ"  MINVALUE 1 MAXVALUE 99999 INCREMENT BY 1 START WITH 26 NOCACHE  NOORDER  NOCYCLE ;
--------------------------------------------------------
--  DDL for Sequence FRQNTASKQS_SEQ
--------------------------------------------------------

   CREATE SEQUENCE  "DOLBOM"."FRQNTASKQS_SEQ"  MINVALUE 1 MAXVALUE 99999 INCREMENT BY 1 START WITH 23 NOCACHE  NOORDER  NOCYCLE ;
--------------------------------------------------------
--  DDL for Sequence GUIDE_SEQ
--------------------------------------------------------

   CREATE SEQUENCE  "DOLBOM"."GUIDE_SEQ"  MINVALUE 1 MAXVALUE 99999 INCREMENT BY 1 START WITH 15 NOCACHE  NOORDER  NOCYCLE ;
--------------------------------------------------------
--  DDL for Sequence MOMBOARD_SEQ
--------------------------------------------------------

   CREATE SEQUENCE  "DOLBOM"."MOMBOARD_SEQ"  MINVALUE 1 MAXVALUE 999999 INCREMENT BY 1 START WITH 11 NOCACHE  NOORDER  NOCYCLE ;
--------------------------------------------------------
--  DDL for Sequence QUESTIONS_SEQ
--------------------------------------------------------

   CREATE SEQUENCE  "DOLBOM"."QUESTIONS_SEQ"  MINVALUE 1 MAXVALUE 99999 INCREMENT BY 1 START WITH 30 NOCACHE  NOORDER  NOCYCLE ;
--------------------------------------------------------
--  DDL for Sequence SITTERBOARD_SEQ
--------------------------------------------------------

   CREATE SEQUENCE  "DOLBOM"."SITTERBOARD_SEQ"  MINVALUE 1 MAXVALUE 999999 INCREMENT BY 1 START WITH 26 NOCACHE  NOORDER  NOCYCLE ;
--------------------------------------------------------
--  DDL for Table ADMIN
--------------------------------------------------------

  CREATE TABLE "DOLBOM"."ADMIN" 
   (	"A_ID" VARCHAR2(20 BYTE), 
	"PASSWORD" VARCHAR2(20 BYTE), 
	"A_NAME" VARCHAR2(20 BYTE)
   ) SEGMENT CREATION IMMEDIATE 
  PCTFREE 10 PCTUSED 40 INITRANS 1 MAXTRANS 255 NOCOMPRESS LOGGING
  STORAGE(INITIAL 65536 NEXT 1048576 MINEXTENTS 1 MAXEXTENTS 2147483645
  PCTINCREASE 0 FREELISTS 1 FREELIST GROUPS 1 BUFFER_POOL DEFAULT FLASH_CACHE DEFAULT CELL_FLASH_CACHE DEFAULT)
  TABLESPACE "SYSTEM" ;

   COMMENT ON COLUMN "DOLBOM"."ADMIN"."A_ID" IS '관리자아이디';
   COMMENT ON COLUMN "DOLBOM"."ADMIN"."PASSWORD" IS '관리자비밀번호';
   COMMENT ON COLUMN "DOLBOM"."ADMIN"."A_NAME" IS '관리자이름';
   COMMENT ON TABLE "DOLBOM"."ADMIN"  IS '관리자';
--------------------------------------------------------
--  DDL for Table BOARD
--------------------------------------------------------

  CREATE TABLE "DOLBOM"."BOARD" 
   (	"IDX" NUMBER, 
	"A_ID" VARCHAR2(20 BYTE), 
	"TITLE" VARCHAR2(100 BYTE), 
	"CONTENT" CLOB, 
	"B_DATE" DATE DEFAULT SYSDATE, 
	"FILE_NAME" VARCHAR2(100 BYTE), 
	"ORI_NAME" VARCHAR2(100 BYTE), 
	"HIT" NUMBER DEFAULT 0
   ) SEGMENT CREATION IMMEDIATE 
  PCTFREE 10 PCTUSED 40 INITRANS 1 MAXTRANS 255 NOCOMPRESS LOGGING
  STORAGE(INITIAL 65536 NEXT 1048576 MINEXTENTS 1 MAXEXTENTS 2147483645
  PCTINCREASE 0 FREELISTS 1 FREELIST GROUPS 1 BUFFER_POOL DEFAULT FLASH_CACHE DEFAULT CELL_FLASH_CACHE DEFAULT)
  TABLESPACE "SYSTEM" 
 LOB ("CONTENT") STORE AS BASICFILE (
  TABLESPACE "SYSTEM" ENABLE STORAGE IN ROW CHUNK 8192 RETENTION 
  NOCACHE LOGGING 
  STORAGE(INITIAL 65536 NEXT 1048576 MINEXTENTS 1 MAXEXTENTS 2147483645
  PCTINCREASE 0 FREELISTS 1 FREELIST GROUPS 1 BUFFER_POOL DEFAULT FLASH_CACHE DEFAULT CELL_FLASH_CACHE DEFAULT)) ;

   COMMENT ON COLUMN "DOLBOM"."BOARD"."IDX" IS '번호';
   COMMENT ON COLUMN "DOLBOM"."BOARD"."A_ID" IS '관리자아이디';
   COMMENT ON COLUMN "DOLBOM"."BOARD"."TITLE" IS '제목';
   COMMENT ON COLUMN "DOLBOM"."BOARD"."CONTENT" IS '내용';
   COMMENT ON COLUMN "DOLBOM"."BOARD"."B_DATE" IS '작성일';
   COMMENT ON COLUMN "DOLBOM"."BOARD"."FILE_NAME" IS '실제파일명';
   COMMENT ON COLUMN "DOLBOM"."BOARD"."ORI_NAME" IS '원본파일명';
   COMMENT ON COLUMN "DOLBOM"."BOARD"."HIT" IS '조회수';
   COMMENT ON TABLE "DOLBOM"."BOARD"  IS '공지사항';
--------------------------------------------------------
--  DDL for Table FRQNTASKQS
--------------------------------------------------------

  CREATE TABLE "DOLBOM"."FRQNTASKQS" 
   (	"F_IDX" NUMBER, 
	"A_ID" VARCHAR2(20 BYTE), 
	"Q_IDX" NUMBER, 
	"F_TITLE" VARCHAR2(100 BYTE), 
	"F_CONTENT" CLOB, 
	"FILE_NAME" VARCHAR2(100 BYTE), 
	"ORI_NAME" VARCHAR2(100 BYTE), 
	"F_DATE" DATE DEFAULT SYSDATE
   ) SEGMENT CREATION IMMEDIATE 
  PCTFREE 10 PCTUSED 40 INITRANS 1 MAXTRANS 255 NOCOMPRESS LOGGING
  STORAGE(INITIAL 65536 NEXT 1048576 MINEXTENTS 1 MAXEXTENTS 2147483645
  PCTINCREASE 0 FREELISTS 1 FREELIST GROUPS 1 BUFFER_POOL DEFAULT FLASH_CACHE DEFAULT CELL_FLASH_CACHE DEFAULT)
  TABLESPACE "SYSTEM" 
 LOB ("F_CONTENT") STORE AS BASICFILE (
  TABLESPACE "SYSTEM" ENABLE STORAGE IN ROW CHUNK 8192 RETENTION 
  NOCACHE LOGGING 
  STORAGE(INITIAL 65536 NEXT 1048576 MINEXTENTS 1 MAXEXTENTS 2147483645
  PCTINCREASE 0 FREELISTS 1 FREELIST GROUPS 1 BUFFER_POOL DEFAULT FLASH_CACHE DEFAULT CELL_FLASH_CACHE DEFAULT)) ;

   COMMENT ON COLUMN "DOLBOM"."FRQNTASKQS"."F_IDX" IS '번호';
   COMMENT ON COLUMN "DOLBOM"."FRQNTASKQS"."A_ID" IS '관리자아이디';
   COMMENT ON COLUMN "DOLBOM"."FRQNTASKQS"."Q_IDX" IS '문의번호';
   COMMENT ON COLUMN "DOLBOM"."FRQNTASKQS"."F_TITLE" IS '제목';
   COMMENT ON COLUMN "DOLBOM"."FRQNTASKQS"."F_CONTENT" IS '내용';
   COMMENT ON COLUMN "DOLBOM"."FRQNTASKQS"."FILE_NAME" IS '실제파일명';
   COMMENT ON COLUMN "DOLBOM"."FRQNTASKQS"."ORI_NAME" IS '원본파일명';
   COMMENT ON COLUMN "DOLBOM"."FRQNTASKQS"."F_DATE" IS '작성일';
   COMMENT ON TABLE "DOLBOM"."FRQNTASKQS"  IS '자주묻는질문';
--------------------------------------------------------
--  DDL for Table GUIDE
--------------------------------------------------------

  CREATE TABLE "DOLBOM"."GUIDE" 
   (	"G_IDX" NUMBER, 
	"A_ID" VARCHAR2(20 BYTE), 
	"G_TITLE" VARCHAR2(100 BYTE), 
	"G_CONTENT" CLOB, 
	"TYPE" VARCHAR2(10 BYTE), 
	"FILE_NAME" VARCHAR2(100 BYTE), 
	"ORI_NAME" VARCHAR2(100 BYTE)
   ) SEGMENT CREATION IMMEDIATE 
  PCTFREE 10 PCTUSED 40 INITRANS 1 MAXTRANS 255 NOCOMPRESS LOGGING
  STORAGE(INITIAL 65536 NEXT 1048576 MINEXTENTS 1 MAXEXTENTS 2147483645
  PCTINCREASE 0 FREELISTS 1 FREELIST GROUPS 1 BUFFER_POOL DEFAULT FLASH_CACHE DEFAULT CELL_FLASH_CACHE DEFAULT)
  TABLESPACE "SYSTEM" 
 LOB ("G_CONTENT") STORE AS BASICFILE (
  TABLESPACE "SYSTEM" ENABLE STORAGE IN ROW CHUNK 8192 RETENTION 
  NOCACHE LOGGING 
  STORAGE(INITIAL 65536 NEXT 1048576 MINEXTENTS 1 MAXEXTENTS 2147483645
  PCTINCREASE 0 FREELISTS 1 FREELIST GROUPS 1 BUFFER_POOL DEFAULT FLASH_CACHE DEFAULT CELL_FLASH_CACHE DEFAULT)) ;

   COMMENT ON COLUMN "DOLBOM"."GUIDE"."G_IDX" IS '번호';
   COMMENT ON COLUMN "DOLBOM"."GUIDE"."A_ID" IS '관리자아이디';
   COMMENT ON COLUMN "DOLBOM"."GUIDE"."G_TITLE" IS '제목';
   COMMENT ON COLUMN "DOLBOM"."GUIDE"."G_CONTENT" IS '내용';
   COMMENT ON COLUMN "DOLBOM"."GUIDE"."TYPE" IS '유형';
   COMMENT ON COLUMN "DOLBOM"."GUIDE"."FILE_NAME" IS '실제파일명';
   COMMENT ON COLUMN "DOLBOM"."GUIDE"."ORI_NAME" IS '원본파일명';
   COMMENT ON TABLE "DOLBOM"."GUIDE"  IS '가이드';
--------------------------------------------------------
--  DDL for Table MEMBER
--------------------------------------------------------

  CREATE TABLE "DOLBOM"."MEMBER" 
   (	"USERID" VARCHAR2(20 BYTE), 
	"TYP" NUMBER, 
	"PWD" VARCHAR2(20 BYTE), 
	"PWD2" VARCHAR2(20 BYTE), 
	"NAME" VARCHAR2(20 BYTE), 
	"PHONE" VARCHAR2(20 BYTE), 
	"BIRTH" NUMBER DEFAULT NULL, 
	"ADDRESS" VARCHAR2(50 BYTE), 
	"EMAILID" VARCHAR2(20 BYTE), 
	"EMAILBOX" VARCHAR2(20 BYTE), 
	"CHILD_AGE" NUMBER, 
	"CARE" VARCHAR2(20 BYTE), 
	"PAY" NUMBER
   ) SEGMENT CREATION IMMEDIATE 
  PCTFREE 10 PCTUSED 40 INITRANS 1 MAXTRANS 255 NOCOMPRESS LOGGING
  STORAGE(INITIAL 65536 NEXT 1048576 MINEXTENTS 1 MAXEXTENTS 2147483645
  PCTINCREASE 0 FREELISTS 1 FREELIST GROUPS 1 BUFFER_POOL DEFAULT FLASH_CACHE DEFAULT CELL_FLASH_CACHE DEFAULT)
  TABLESPACE "SYSTEM" ;
--------------------------------------------------------
--  DDL for Table MOMBOARD
--------------------------------------------------------

  CREATE TABLE "DOLBOM"."MOMBOARD" 
   (	"MB_ID" NUMBER, 
	"MB_TITLE" VARCHAR2(200 BYTE), 
	"MB_CONTENT" VARCHAR2(3000 BYTE), 
	"MB_DATE" DATE DEFAULT SYSDATE, 
	"MB_HIT" NUMBER DEFAULT 0, 
	"USERID" VARCHAR2(30 BYTE), 
	"CARE_DATE" VARCHAR2(20 BYTE)
   ) SEGMENT CREATION IMMEDIATE 
  PCTFREE 10 PCTUSED 40 INITRANS 1 MAXTRANS 255 NOCOMPRESS LOGGING
  STORAGE(INITIAL 65536 NEXT 1048576 MINEXTENTS 1 MAXEXTENTS 2147483645
  PCTINCREASE 0 FREELISTS 1 FREELIST GROUPS 1 BUFFER_POOL DEFAULT FLASH_CACHE DEFAULT CELL_FLASH_CACHE DEFAULT)
  TABLESPACE "SYSTEM" ;
--------------------------------------------------------
--  DDL for Table QUESTIONS
--------------------------------------------------------

  CREATE TABLE "DOLBOM"."QUESTIONS" 
   (	"Q_IDX" NUMBER, 
	"EMAIL" VARCHAR2(50 BYTE), 
	"NAME" VARCHAR2(20 BYTE), 
	"PHONE" VARCHAR2(20 BYTE), 
	"MEMBER_TYPE" VARCHAR2(20 BYTE), 
	"TYPE_INQRY" VARCHAR2(30 BYTE), 
	"Q_TITLE" VARCHAR2(100 BYTE), 
	"Q_CONTENT" CLOB, 
	"Q_DATE" DATE DEFAULT SYSDATE, 
	"FILE_NAME" VARCHAR2(100 BYTE), 
	"ORI_NAME" VARCHAR2(100 BYTE)
   ) SEGMENT CREATION IMMEDIATE 
  PCTFREE 10 PCTUSED 40 INITRANS 1 MAXTRANS 255 NOCOMPRESS LOGGING
  STORAGE(INITIAL 65536 NEXT 1048576 MINEXTENTS 1 MAXEXTENTS 2147483645
  PCTINCREASE 0 FREELISTS 1 FREELIST GROUPS 1 BUFFER_POOL DEFAULT FLASH_CACHE DEFAULT CELL_FLASH_CACHE DEFAULT)
  TABLESPACE "SYSTEM" 
 LOB ("Q_CONTENT") STORE AS BASICFILE (
  TABLESPACE "SYSTEM" ENABLE STORAGE IN ROW CHUNK 8192 RETENTION 
  NOCACHE LOGGING 
  STORAGE(INITIAL 65536 NEXT 1048576 MINEXTENTS 1 MAXEXTENTS 2147483645
  PCTINCREASE 0 FREELISTS 1 FREELIST GROUPS 1 BUFFER_POOL DEFAULT FLASH_CACHE DEFAULT CELL_FLASH_CACHE DEFAULT)) ;

   COMMENT ON COLUMN "DOLBOM"."QUESTIONS"."Q_IDX" IS '번호';
   COMMENT ON COLUMN "DOLBOM"."QUESTIONS"."EMAIL" IS '이메일';
   COMMENT ON COLUMN "DOLBOM"."QUESTIONS"."NAME" IS '이름';
   COMMENT ON COLUMN "DOLBOM"."QUESTIONS"."PHONE" IS '전화번호';
   COMMENT ON COLUMN "DOLBOM"."QUESTIONS"."MEMBER_TYPE" IS '회원유형';
   COMMENT ON COLUMN "DOLBOM"."QUESTIONS"."TYPE_INQRY" IS '문의유형';
   COMMENT ON COLUMN "DOLBOM"."QUESTIONS"."Q_TITLE" IS '제목';
   COMMENT ON COLUMN "DOLBOM"."QUESTIONS"."Q_CONTENT" IS '내용';
   COMMENT ON COLUMN "DOLBOM"."QUESTIONS"."Q_DATE" IS '작성일';
   COMMENT ON COLUMN "DOLBOM"."QUESTIONS"."FILE_NAME" IS '실제파일명';
   COMMENT ON COLUMN "DOLBOM"."QUESTIONS"."ORI_NAME" IS '원본파일명';
   COMMENT ON TABLE "DOLBOM"."QUESTIONS"  IS '문의사항';
--------------------------------------------------------
--  DDL for Table SITTERBOARD
--------------------------------------------------------

  CREATE TABLE "DOLBOM"."SITTERBOARD" 
   (	"SB_ID" NUMBER, 
	"SB_TITLE" VARCHAR2(200 BYTE), 
	"SB_CONTENT" VARCHAR2(3000 BYTE), 
	"FILE_NAME" VARCHAR2(100 BYTE), 
	"ORI_NAME" VARCHAR2(100 BYTE), 
	"SB_DATE" DATE DEFAULT SYSDATE, 
	"SB_HIT" NUMBER DEFAULT 0, 
	"SB_JOB" VARCHAR2(20 BYTE), 
	"USERID" VARCHAR2(20 BYTE), 
	"CARE_DATE" VARCHAR2(20 BYTE)
   ) SEGMENT CREATION IMMEDIATE 
  PCTFREE 10 PCTUSED 40 INITRANS 1 MAXTRANS 255 NOCOMPRESS LOGGING
  STORAGE(INITIAL 65536 NEXT 1048576 MINEXTENTS 1 MAXEXTENTS 2147483645
  PCTINCREASE 0 FREELISTS 1 FREELIST GROUPS 1 BUFFER_POOL DEFAULT FLASH_CACHE DEFAULT CELL_FLASH_CACHE DEFAULT)
  TABLESPACE "SYSTEM" ;
REM INSERTING into DOLBOM.ADMIN
SET DEFINE OFF;
Insert into DOLBOM.ADMIN (A_ID,PASSWORD,A_NAME) values ('ADMIN','admin!1','관리자');
REM INSERTING into DOLBOM.BOARD
SET DEFINE OFF;
Insert into DOLBOM.BOARD (IDX,A_ID,TITLE,B_DATE,FILE_NAME,ORI_NAME,HIT) values (24,'ADMIN','공지!!',to_date('2021/10/22','YYYY/MM/DD'),null,null,0);
Insert into DOLBOM.BOARD (IDX,A_ID,TITLE,B_DATE,FILE_NAME,ORI_NAME,HIT) values (8,'ADMIN','공지사항1',to_date('2021/10/14','YYYY/MM/DD'),null,null,0);
Insert into DOLBOM.BOARD (IDX,A_ID,TITLE,B_DATE,FILE_NAME,ORI_NAME,HIT) values (9,'ADMIN','공지사항1',to_date('2021/10/14','YYYY/MM/DD'),null,null,2);
Insert into DOLBOM.BOARD (IDX,A_ID,TITLE,B_DATE,FILE_NAME,ORI_NAME,HIT) values (10,'ADMIN','공지사항2',to_date('2021/10/14','YYYY/MM/DD'),null,null,1);
Insert into DOLBOM.BOARD (IDX,A_ID,TITLE,B_DATE,FILE_NAME,ORI_NAME,HIT) values (11,'ADMIN','공지사항3',to_date('2021/10/14','YYYY/MM/DD'),null,null,0);
Insert into DOLBOM.BOARD (IDX,A_ID,TITLE,B_DATE,FILE_NAME,ORI_NAME,HIT) values (12,'ADMIN','공지사항4',to_date('2021/10/14','YYYY/MM/DD'),null,null,4);
Insert into DOLBOM.BOARD (IDX,A_ID,TITLE,B_DATE,FILE_NAME,ORI_NAME,HIT) values (13,'ADMIN','공지사항5',to_date('2021/10/14','YYYY/MM/DD'),null,null,0);
Insert into DOLBOM.BOARD (IDX,A_ID,TITLE,B_DATE,FILE_NAME,ORI_NAME,HIT) values (14,'ADMIN','공지사항6',to_date('2021/10/14','YYYY/MM/DD'),null,null,1);
Insert into DOLBOM.BOARD (IDX,A_ID,TITLE,B_DATE,FILE_NAME,ORI_NAME,HIT) values (15,'ADMIN','공지사항7',to_date('2021/10/14','YYYY/MM/DD'),null,null,3);
Insert into DOLBOM.BOARD (IDX,A_ID,TITLE,B_DATE,FILE_NAME,ORI_NAME,HIT) values (16,'ADMIN','공지사항8',to_date('2021/10/14','YYYY/MM/DD'),null,null,2);
Insert into DOLBOM.BOARD (IDX,A_ID,TITLE,B_DATE,FILE_NAME,ORI_NAME,HIT) values (17,'ADMIN','공지사항9',to_date('2021/10/14','YYYY/MM/DD'),null,null,4);
Insert into DOLBOM.BOARD (IDX,A_ID,TITLE,B_DATE,FILE_NAME,ORI_NAME,HIT) values (18,'ADMIN','공지사항9',to_date('2021/10/14','YYYY/MM/DD'),null,null,1);
Insert into DOLBOM.BOARD (IDX,A_ID,TITLE,B_DATE,FILE_NAME,ORI_NAME,HIT) values (19,'ADMIN','공지사항7',to_date('2021/10/14','YYYY/MM/DD'),null,null,0);
Insert into DOLBOM.BOARD (IDX,A_ID,TITLE,B_DATE,FILE_NAME,ORI_NAME,HIT) values (20,'ADMIN','공지사항6',to_date('2021/10/14','YYYY/MM/DD'),null,null,4);
Insert into DOLBOM.BOARD (IDX,A_ID,TITLE,B_DATE,FILE_NAME,ORI_NAME,HIT) values (21,'ADMIN','공지사항9',to_date('2021/10/14','YYYY/MM/DD'),null,null,4);
Insert into DOLBOM.BOARD (IDX,A_ID,TITLE,B_DATE,FILE_NAME,ORI_NAME,HIT) values (22,'ADMIN','공지사항91231231244',to_date('2021/10/15','YYYY/MM/DD'),null,null,21);
Insert into DOLBOM.BOARD (IDX,A_ID,TITLE,B_DATE,FILE_NAME,ORI_NAME,HIT) values (23,'ADMIN','공지사항1233',to_date('2021/10/21','YYYY/MM/DD'),null,null,12);
Insert into DOLBOM.BOARD (IDX,A_ID,TITLE,B_DATE,FILE_NAME,ORI_NAME,HIT) values (25,'ADMIN','중요공지!!',to_date('2021/10/22','YYYY/MM/DD'),null,null,0);
REM INSERTING into DOLBOM.FRQNTASKQS
SET DEFINE OFF;
Insert into DOLBOM.FRQNTASKQS (F_IDX,A_ID,Q_IDX,F_TITLE,FILE_NAME,ORI_NAME,F_DATE) values (20,'ADMIN',8,'탈퇴관련문의',null,null,to_date('2021/10/21','YYYY/MM/DD'));
Insert into DOLBOM.FRQNTASKQS (F_IDX,A_ID,Q_IDX,F_TITLE,FILE_NAME,ORI_NAME,F_DATE) values (13,'ADMIN',18,'유형변경문의',null,null,to_date('2021/10/17','YYYY/MM/DD'));
Insert into DOLBOM.FRQNTASKQS (F_IDX,A_ID,Q_IDX,F_TITLE,FILE_NAME,ORI_NAME,F_DATE) values (14,'ADMIN',14,'서비스이용문의',null,null,to_date('2021/10/17','YYYY/MM/DD'));
Insert into DOLBOM.FRQNTASKQS (F_IDX,A_ID,Q_IDX,F_TITLE,FILE_NAME,ORI_NAME,F_DATE) values (22,'ADMIN',27,'기타문의',null,null,to_date('2021/10/22','YYYY/MM/DD'));
REM INSERTING into DOLBOM.GUIDE
SET DEFINE OFF;
Insert into DOLBOM.GUIDE (G_IDX,A_ID,G_TITLE,TYPE,FILE_NAME,ORI_NAME) values (10,'ADMIN','[부모회원 가이드] 부모회원으로 가입하기','mother','mom2.png','mom2.png');
Insert into DOLBOM.GUIDE (G_IDX,A_ID,G_TITLE,TYPE,FILE_NAME,ORI_NAME) values (7,'ADMIN','무엇이든 가능해요!','sitter','sitter2.png','sitter2.png');
Insert into DOLBOM.GUIDE (G_IDX,A_ID,G_TITLE,TYPE,FILE_NAME,ORI_NAME) values (4,'ADMIN','정말 빨리 구할 수  있어요','sitter','sitter11.png','sitter1.png');
Insert into DOLBOM.GUIDE (G_IDX,A_ID,G_TITLE,TYPE,FILE_NAME,ORI_NAME) values (9,'ADMIN','[부모회원 가이드] 아이돌봄은 어떤 서비스인가요','mother','mom1.png','mom1.png');
REM INSERTING into DOLBOM.MEMBER
SET DEFINE OFF;
Insert into DOLBOM.MEMBER (USERID,TYP,PWD,PWD2,NAME,PHONE,BIRTH,ADDRESS,EMAILID,EMAILBOX,CHILD_AGE,CARE,PAY) values ('qkrtkdals0',2,'qkrtkdals!2','qkrtkdals!2','박상민','010-2222-2222',19991111,'서울시 마포구','qwdwqd','naver.com',4,'3',8720);
Insert into DOLBOM.MEMBER (USERID,TYP,PWD,PWD2,NAME,PHONE,BIRTH,ADDRESS,EMAILID,EMAILBOX,CHILD_AGE,CARE,PAY) values ('sitter5',1,'sitter2@','sitter2@','시터2','010-1111-1111',19991111,'서울시 마포','sdasdasd','naver.com',4,'34',8720);
Insert into DOLBOM.MEMBER (USERID,TYP,PWD,PWD2,NAME,PHONE,BIRTH,ADDRESS,EMAILID,EMAILBOX,CHILD_AGE,CARE,PAY) values ('sitter2',2,'sitter2!1','sitter2!1','시터','010-2222-2233',19991111,'서울시 마포구','sangmin159',null,4,'3',8720);
Insert into DOLBOM.MEMBER (USERID,TYP,PWD,PWD2,NAME,PHONE,BIRTH,ADDRESS,EMAILID,EMAILBOX,CHILD_AGE,CARE,PAY) values ('sitter1',2,'sitter1!1','sitter1!1','시터','010-2222-3333',19991111,'서울시 마포구','sangmin1',null,4,'3',8750);
Insert into DOLBOM.MEMBER (USERID,TYP,PWD,PWD2,NAME,PHONE,BIRTH,ADDRESS,EMAILID,EMAILBOX,CHILD_AGE,CARE,PAY) values ('mother1',1,'mother1!1','mother1!1','부모','010-2222-2222',19991111,'서울시 마포구','ssole','gmail.com',2,'123',8720);
REM INSERTING into DOLBOM.MOMBOARD
SET DEFINE OFF;
Insert into DOLBOM.MOMBOARD (MB_ID,MB_TITLE,MB_CONTENT,MB_DATE,MB_HIT,USERID,CARE_DATE) values (9,'주말에 가능한 시터구합니다.','급합니다 빠르게 모집중입니다.!!!!1!!@#',to_date('2021/10/22','YYYY/MM/DD'),0,'mother1','7');
Insert into DOLBOM.MOMBOARD (MB_ID,MB_TITLE,MB_CONTENT,MB_DATE,MB_HIT,USERID,CARE_DATE) values (10,'당장 필요한 시터 구합니다.','빠르게 신청을 하여 연락을 주세요..!!',to_date('2021/10/22','YYYY/MM/DD'),0,'mother1','7');
Insert into DOLBOM.MOMBOARD (MB_ID,MB_TITLE,MB_CONTENT,MB_DATE,MB_HIT,USERID,CARE_DATE) values (7,'시터 구합니다.','잘 돌봐줄 시터 구합니다.',to_date('2021/10/22','YYYY/MM/DD'),0,'mother1','6');
Insert into DOLBOM.MOMBOARD (MB_ID,MB_TITLE,MB_CONTENT,MB_DATE,MB_HIT,USERID,CARE_DATE) values (8,'모든 일을 잘하는 시터 구합니다.','자기 자식같이 생각해 주었으면 좋겠습니다.!!',to_date('2021/10/22','YYYY/MM/DD'),0,'mother1','7');
REM INSERTING into DOLBOM.QUESTIONS
SET DEFINE OFF;
Insert into DOLBOM.QUESTIONS (Q_IDX,EMAIL,NAME,PHONE,MEMBER_TYPE,TYPE_INQRY,Q_TITLE,Q_DATE,FILE_NAME,ORI_NAME) values (26,'akdrhtn@naver.com','박상민','010-2222-1111','부모회원','서비스이용문의','관리자에게 문의',to_date('2021/10/21','YYYY/MM/DD'),null,null);
Insert into DOLBOM.QUESTIONS (Q_IDX,EMAIL,NAME,PHONE,MEMBER_TYPE,TYPE_INQRY,Q_TITLE,Q_DATE,FILE_NAME,ORI_NAME) values (27,'swqasd@kakao.com','김춘추','010-2222-2222','기업담당자','기타문의','읽어보시오',to_date('2021/10/22','YYYY/MM/DD'),null,null);
Insert into DOLBOM.QUESTIONS (Q_IDX,EMAIL,NAME,PHONE,MEMBER_TYPE,TYPE_INQRY,Q_TITLE,Q_DATE,FILE_NAME,ORI_NAME) values (5,'sansfmqw@naver.com','박상민','010-1111-1111','부모회원','환불/연장문의','오늘뭐하나',to_date('2021/10/13','YYYY/MM/DD'),null,null);
Insert into DOLBOM.QUESTIONS (Q_IDX,EMAIL,NAME,PHONE,MEMBER_TYPE,TYPE_INQRY,Q_TITLE,Q_DATE,FILE_NAME,ORI_NAME) values (28,'asdsadsad@naver.com','박상민','010-2222-2222','부모회원','서비스이용문의','중요 문의사항',to_date('2021/10/22','YYYY/MM/DD'),null,null);
Insert into DOLBOM.QUESTIONS (Q_IDX,EMAIL,NAME,PHONE,MEMBER_TYPE,TYPE_INQRY,Q_TITLE,Q_DATE,FILE_NAME,ORI_NAME) values (8,'asdsad@naver.com','asdsad','010-1111-1111','시터회원','탈퇴관련문의','sdsadsadsa',to_date('2021/10/14','YYYY/MM/DD'),null,null);
Insert into DOLBOM.QUESTIONS (Q_IDX,EMAIL,NAME,PHONE,MEMBER_TYPE,TYPE_INQRY,Q_TITLE,Q_DATE,FILE_NAME,ORI_NAME) values (9,'wqdwqdq@kakao.com','sadadsd','010-1111-1111','부모회원','후기관련문의','adsadsadad',to_date('2021/10/14','YYYY/MM/DD'),'오늘10.13 해야할일6.txt','오늘10.13 해야할일.txt');
Insert into DOLBOM.QUESTIONS (Q_IDX,EMAIL,NAME,PHONE,MEMBER_TYPE,TYPE_INQRY,Q_TITLE,Q_DATE,FILE_NAME,ORI_NAME) values (10,'qwdqwdqw@kakao.com','qdqdwqd','010-1111-1111','시터회원','환불/연장문의','qwdqdqwd',to_date('2021/10/14','YYYY/MM/DD'),'jsp참고.txt','jsp참고.txt');
Insert into DOLBOM.QUESTIONS (Q_IDX,EMAIL,NAME,PHONE,MEMBER_TYPE,TYPE_INQRY,Q_TITLE,Q_DATE,FILE_NAME,ORI_NAME) values (11,'acsacsac@kakao.com','cacsac','010-1111-1111','시터회원','후기관련문의','qwdqwdqwd',to_date('2021/10/14','YYYY/MM/DD'),'jsp참고1.txt','jsp참고.txt');
Insert into DOLBOM.QUESTIONS (Q_IDX,EMAIL,NAME,PHONE,MEMBER_TYPE,TYPE_INQRY,Q_TITLE,Q_DATE,FILE_NAME,ORI_NAME) values (12,'asdasd@daum.net','sadadsad','010-1111-1111','기업담당자','후기관련문의','asdsadsad',to_date('2021/10/14','YYYY/MM/DD'),'영어 참고.hwp','영어 참고.hwp');
Insert into DOLBOM.QUESTIONS (Q_IDX,EMAIL,NAME,PHONE,MEMBER_TYPE,TYPE_INQRY,Q_TITLE,Q_DATE,FILE_NAME,ORI_NAME) values (13,'asdasd@kakao.com','addsadsad','010-1111-1111','기업담당자','후기관련문의','sadacsacsac',to_date('2021/10/14','YYYY/MM/DD'),'css해야할거.txt','css해야할거.txt');
Insert into DOLBOM.QUESTIONS (Q_IDX,EMAIL,NAME,PHONE,MEMBER_TYPE,TYPE_INQRY,Q_TITLE,Q_DATE,FILE_NAME,ORI_NAME) values (14,'acsacsac@naver.com','박상민','010-2222-2222','부모회원','서비스이용문의','sacsacsacac',to_date('2021/10/14','YYYY/MM/DD'),'로그아웃.txt','로그아웃.txt');
Insert into DOLBOM.QUESTIONS (Q_IDX,EMAIL,NAME,PHONE,MEMBER_TYPE,TYPE_INQRY,Q_TITLE,Q_DATE,FILE_NAME,ORI_NAME) values (15,'sdasdqwdqwd@kakao.com','asdsad','010-1111-1111','시터회원','후기관련문의','sacsacsacsasc',to_date('2021/10/14','YYYY/MM/DD'),null,null);
Insert into DOLBOM.QUESTIONS (Q_IDX,EMAIL,NAME,PHONE,MEMBER_TYPE,TYPE_INQRY,Q_TITLE,Q_DATE,FILE_NAME,ORI_NAME) values (16,'qwdqwdqw@naver.com','ddqwd','010-2222-2222','부모회원','환불/연장문의','qwdwqdqwd',to_date('2021/10/14','YYYY/MM/DD'),'오늘10.14해야할일.txt','오늘10.14해야할일.txt');
Insert into DOLBOM.QUESTIONS (Q_IDX,EMAIL,NAME,PHONE,MEMBER_TYPE,TYPE_INQRY,Q_TITLE,Q_DATE,FILE_NAME,ORI_NAME) values (17,'sadadqwdqwd@hanmail.net','asdsad','010-1111-1111','시터회원','환불/연장문의','dasdsadsad',to_date('2021/10/14','YYYY/MM/DD'),'오늘10.14해야할일1.txt','오늘10.14해야할일.txt');
Insert into DOLBOM.QUESTIONS (Q_IDX,EMAIL,NAME,PHONE,MEMBER_TYPE,TYPE_INQRY,Q_TITLE,Q_DATE,FILE_NAME,ORI_NAME) values (18,'sadasd@kakao.com','sadsadsa','010-1111-1111','시터회원','유형변경문의','dqwdqwdqwdqw',to_date('2021/10/14','YYYY/MM/DD'),'로그아웃1.txt','로그아웃.txt');
Insert into DOLBOM.QUESTIONS (Q_IDX,EMAIL,NAME,PHONE,MEMBER_TYPE,TYPE_INQRY,Q_TITLE,Q_DATE,FILE_NAME,ORI_NAME) values (19,'qwdqwd@hanmail.net','sdasdsad','010-1111-1111','시터회원','후기관련문의','qwdqwdqwd',to_date('2021/10/14','YYYY/MM/DD'),'css 저장.txt','css 저장.txt');
Insert into DOLBOM.QUESTIONS (Q_IDX,EMAIL,NAME,PHONE,MEMBER_TYPE,TYPE_INQRY,Q_TITLE,Q_DATE,FILE_NAME,ORI_NAME) values (20,'efqfqf@kakao.com','rdewfwef','010-1111-1111','시터회원','후기관련문의','eeqwwqdqwd',to_date('2021/10/14','YYYY/MM/DD'),'오늘10.14해야할일2.txt','오늘10.14해야할일.txt');
Insert into DOLBOM.QUESTIONS (Q_IDX,EMAIL,NAME,PHONE,MEMBER_TYPE,TYPE_INQRY,Q_TITLE,Q_DATE,FILE_NAME,ORI_NAME) values (21,'qwdqwd@kakao.com','wdqdwqd','010-1111-1111','시터회원','유형변경문의','qwdwqdd',to_date('2021/10/15','YYYY/MM/DD'),null,null);
Insert into DOLBOM.QUESTIONS (Q_IDX,EMAIL,NAME,PHONE,MEMBER_TYPE,TYPE_INQRY,Q_TITLE,Q_DATE,FILE_NAME,ORI_NAME) values (22,'ascsac@hanmail.net','dascascasc','010-1111-1111','시터회원','후기관련문의','sdczxvzxc',to_date('2021/10/15','YYYY/MM/DD'),null,null);
Insert into DOLBOM.QUESTIONS (Q_IDX,EMAIL,NAME,PHONE,MEMBER_TYPE,TYPE_INQRY,Q_TITLE,Q_DATE,FILE_NAME,ORI_NAME) values (24,'asdsadqwd@kakao.com','asdasdasd','010-1111-1111','시터회원','후기관련문의','qwdqwdqwd',to_date('2021/10/17','YYYY/MM/DD'),'오늘10.14해야할일3.txt','오늘10.14해야할일.txt');
Insert into DOLBOM.QUESTIONS (Q_IDX,EMAIL,NAME,PHONE,MEMBER_TYPE,TYPE_INQRY,Q_TITLE,Q_DATE,FILE_NAME,ORI_NAME) values (25,'AASDS@NAVER.COM','박상','010-2222-2222','01','11','안녕',to_date('2021/10/21','YYYY/MM/DD'),null,null);
Insert into DOLBOM.QUESTIONS (Q_IDX,EMAIL,NAME,PHONE,MEMBER_TYPE,TYPE_INQRY,Q_TITLE,Q_DATE,FILE_NAME,ORI_NAME) values (29,'sangmin159@naver.com','시터','010-2222-2222','부모회원','서비스이용문의','서비스 문의',to_date('2021/10/22','YYYY/MM/DD'),null,null);
REM INSERTING into DOLBOM.SITTERBOARD
SET DEFINE OFF;
Insert into DOLBOM.SITTERBOARD (SB_ID,SB_TITLE,SB_CONTENT,FILE_NAME,ORI_NAME,SB_DATE,SB_HIT,SB_JOB,USERID,CARE_DATE) values (17,'노력과 열정으로','최선을 다하겠습니다.!!!!','babyandmom.jpg','babyandmom.jpg',to_date('2021/10/22','YYYY/MM/DD'),0,'주부','sitter1','7');
Insert into DOLBOM.SITTERBOARD (SB_ID,SB_TITLE,SB_CONTENT,FILE_NAME,ORI_NAME,SB_DATE,SB_HIT,SB_JOB,USERID,CARE_DATE) values (18,'항상 부족하다는 마음으로','지금 이순간도 항상 최선을 다합니다.###@@@@','parents.jpg','parents.jpg',to_date('2021/10/22','YYYY/MM/DD'),0,'수의사','sitter1','67');
Insert into DOLBOM.SITTERBOARD (SB_ID,SB_TITLE,SB_CONTENT,FILE_NAME,ORI_NAME,SB_DATE,SB_HIT,SB_JOB,USERID,CARE_DATE) values (22,'여러경험의 시터','여러 경험의 시터입니다.@@@@','mother7.png','mother.png',to_date('2021/10/22','YYYY/MM/DD'),0,'시터','sitter1','7');
Insert into DOLBOM.SITTERBOARD (SB_ID,SB_TITLE,SB_CONTENT,FILE_NAME,ORI_NAME,SB_DATE,SB_HIT,SB_JOB,USERID,CARE_DATE) values (16,'모든 일을 다하는 시터 입니다..!!!!','시터의 자부심을 갖고 최선을 다하겠습니다.','mother4.png','mother.png',to_date('2021/10/22','YYYY/MM/DD'),0,'선생님','sitter1','67');
Insert into DOLBOM.SITTERBOARD (SB_ID,SB_TITLE,SB_CONTENT,FILE_NAME,ORI_NAME,SB_DATE,SB_HIT,SB_JOB,USERID,CARE_DATE) values (19,'지금도 노력중인 시터입니다.!!','sitter 자격증 다수 보유','mother5.png','mother.png',to_date('2021/10/22','YYYY/MM/DD'),0,'전문시터','sitter1','67');
Insert into DOLBOM.SITTERBOARD (SB_ID,SB_TITLE,SB_CONTENT,FILE_NAME,ORI_NAME,SB_DATE,SB_HIT,SB_JOB,USERID,CARE_DATE) values (21,'시터로써 최선을 다하겠습니다.','시터의 어머님 처럼 최선을 다하겠습니다.','parents1.jpg','parents.jpg',to_date('2021/10/22','YYYY/MM/DD'),0,'전문시터','sitter1','56');
Insert into DOLBOM.SITTERBOARD (SB_ID,SB_TITLE,SB_CONTENT,FILE_NAME,ORI_NAME,SB_DATE,SB_HIT,SB_JOB,USERID,CARE_DATE) values (23,'열심히 하는 시터입니다.!!@','시터!!@@','babyandmom1.jpg','babyandmom.jpg',to_date('2021/10/22','YYYY/MM/DD'),0,'주부','sitter1','56');
Insert into DOLBOM.SITTERBOARD (SB_ID,SB_TITLE,SB_CONTENT,FILE_NAME,ORI_NAME,SB_DATE,SB_HIT,SB_JOB,USERID,CARE_DATE) values (24,'항상 열심히 하는 시터!','항상 열심히 하는 시터입니다.!!@@','mother8.png','mother.png',to_date('2021/10/22','YYYY/MM/DD'),0,'주부','sitter2','7');
Insert into DOLBOM.SITTERBOARD (SB_ID,SB_TITLE,SB_CONTENT,FILE_NAME,ORI_NAME,SB_DATE,SB_HIT,SB_JOB,USERID,CARE_DATE) values (25,'최선을 다','최선을 다하는 시터','parents2.jpg','parents.jpg',to_date('2021/10/22','YYYY/MM/DD'),0,'시터','sitter1','67');
--------------------------------------------------------
--  DDL for Index ADMIN_PK
--------------------------------------------------------

  CREATE UNIQUE INDEX "DOLBOM"."ADMIN_PK" ON "DOLBOM"."ADMIN" ("A_ID") 
  PCTFREE 10 INITRANS 2 MAXTRANS 255 COMPUTE STATISTICS 
  STORAGE(INITIAL 65536 NEXT 1048576 MINEXTENTS 1 MAXEXTENTS 2147483645
  PCTINCREASE 0 FREELISTS 1 FREELIST GROUPS 1 BUFFER_POOL DEFAULT FLASH_CACHE DEFAULT CELL_FLASH_CACHE DEFAULT)
  TABLESPACE "SYSTEM" ;
--------------------------------------------------------
--  DDL for Index BOARD_PK
--------------------------------------------------------

  CREATE UNIQUE INDEX "DOLBOM"."BOARD_PK" ON "DOLBOM"."BOARD" ("IDX") 
  PCTFREE 10 INITRANS 2 MAXTRANS 255 COMPUTE STATISTICS 
  STORAGE(INITIAL 65536 NEXT 1048576 MINEXTENTS 1 MAXEXTENTS 2147483645
  PCTINCREASE 0 FREELISTS 1 FREELIST GROUPS 1 BUFFER_POOL DEFAULT FLASH_CACHE DEFAULT CELL_FLASH_CACHE DEFAULT)
  TABLESPACE "SYSTEM" ;
--------------------------------------------------------
--  DDL for Index FRQNTASKQS_PK
--------------------------------------------------------

  CREATE UNIQUE INDEX "DOLBOM"."FRQNTASKQS_PK" ON "DOLBOM"."FRQNTASKQS" ("F_IDX") 
  PCTFREE 10 INITRANS 2 MAXTRANS 255 COMPUTE STATISTICS 
  STORAGE(INITIAL 65536 NEXT 1048576 MINEXTENTS 1 MAXEXTENTS 2147483645
  PCTINCREASE 0 FREELISTS 1 FREELIST GROUPS 1 BUFFER_POOL DEFAULT FLASH_CACHE DEFAULT CELL_FLASH_CACHE DEFAULT)
  TABLESPACE "SYSTEM" ;
--------------------------------------------------------
--  DDL for Index GUIDE_PK
--------------------------------------------------------

  CREATE UNIQUE INDEX "DOLBOM"."GUIDE_PK" ON "DOLBOM"."GUIDE" ("G_IDX") 
  PCTFREE 10 INITRANS 2 MAXTRANS 255 COMPUTE STATISTICS 
  STORAGE(INITIAL 65536 NEXT 1048576 MINEXTENTS 1 MAXEXTENTS 2147483645
  PCTINCREASE 0 FREELISTS 1 FREELIST GROUPS 1 BUFFER_POOL DEFAULT FLASH_CACHE DEFAULT CELL_FLASH_CACHE DEFAULT)
  TABLESPACE "SYSTEM" ;
--------------------------------------------------------
--  DDL for Index QUESTIONS_PK
--------------------------------------------------------

  CREATE UNIQUE INDEX "DOLBOM"."QUESTIONS_PK" ON "DOLBOM"."QUESTIONS" ("Q_IDX") 
  PCTFREE 10 INITRANS 2 MAXTRANS 255 COMPUTE STATISTICS 
  STORAGE(INITIAL 65536 NEXT 1048576 MINEXTENTS 1 MAXEXTENTS 2147483645
  PCTINCREASE 0 FREELISTS 1 FREELIST GROUPS 1 BUFFER_POOL DEFAULT FLASH_CACHE DEFAULT CELL_FLASH_CACHE DEFAULT)
  TABLESPACE "SYSTEM" ;
--------------------------------------------------------
--  DDL for Index SYS_C007694
--------------------------------------------------------

  CREATE UNIQUE INDEX "DOLBOM"."SYS_C007694" ON "DOLBOM"."SITTERBOARD" ("SB_ID") 
  PCTFREE 10 INITRANS 2 MAXTRANS 255 COMPUTE STATISTICS 
  STORAGE(INITIAL 65536 NEXT 1048576 MINEXTENTS 1 MAXEXTENTS 2147483645
  PCTINCREASE 0 FREELISTS 1 FREELIST GROUPS 1 BUFFER_POOL DEFAULT FLASH_CACHE DEFAULT CELL_FLASH_CACHE DEFAULT)
  TABLESPACE "SYSTEM" ;
--------------------------------------------------------
--  DDL for Index SYS_C007698
--------------------------------------------------------

  CREATE UNIQUE INDEX "DOLBOM"."SYS_C007698" ON "DOLBOM"."MOMBOARD" ("MB_ID") 
  PCTFREE 10 INITRANS 2 MAXTRANS 255 COMPUTE STATISTICS 
  STORAGE(INITIAL 65536 NEXT 1048576 MINEXTENTS 1 MAXEXTENTS 2147483645
  PCTINCREASE 0 FREELISTS 1 FREELIST GROUPS 1 BUFFER_POOL DEFAULT FLASH_CACHE DEFAULT CELL_FLASH_CACHE DEFAULT)
  TABLESPACE "SYSTEM" ;
--------------------------------------------------------
--  DDL for Index USER_PK
--------------------------------------------------------

  CREATE UNIQUE INDEX "DOLBOM"."USER_PK" ON "DOLBOM"."MEMBER" ("USERID") 
  PCTFREE 10 INITRANS 2 MAXTRANS 255 
  STORAGE(INITIAL 65536 NEXT 1048576 MINEXTENTS 1 MAXEXTENTS 2147483645
  PCTINCREASE 0 FREELISTS 1 FREELIST GROUPS 1 BUFFER_POOL DEFAULT FLASH_CACHE DEFAULT CELL_FLASH_CACHE DEFAULT)
  TABLESPACE "SYSTEM" ;
--------------------------------------------------------
--  Constraints for Table ADMIN
--------------------------------------------------------

  ALTER TABLE "DOLBOM"."ADMIN" ADD CONSTRAINT "ADMIN_PK" PRIMARY KEY ("A_ID")
  USING INDEX PCTFREE 10 INITRANS 2 MAXTRANS 255 COMPUTE STATISTICS 
  STORAGE(INITIAL 65536 NEXT 1048576 MINEXTENTS 1 MAXEXTENTS 2147483645
  PCTINCREASE 0 FREELISTS 1 FREELIST GROUPS 1 BUFFER_POOL DEFAULT FLASH_CACHE DEFAULT CELL_FLASH_CACHE DEFAULT)
  TABLESPACE "SYSTEM"  ENABLE;
  ALTER TABLE "DOLBOM"."ADMIN" MODIFY ("A_ID" NOT NULL ENABLE);
--------------------------------------------------------
--  Constraints for Table BOARD
--------------------------------------------------------

  ALTER TABLE "DOLBOM"."BOARD" ADD CONSTRAINT "BOARD_PK" PRIMARY KEY ("IDX")
  USING INDEX PCTFREE 10 INITRANS 2 MAXTRANS 255 COMPUTE STATISTICS 
  STORAGE(INITIAL 65536 NEXT 1048576 MINEXTENTS 1 MAXEXTENTS 2147483645
  PCTINCREASE 0 FREELISTS 1 FREELIST GROUPS 1 BUFFER_POOL DEFAULT FLASH_CACHE DEFAULT CELL_FLASH_CACHE DEFAULT)
  TABLESPACE "SYSTEM"  ENABLE;
  ALTER TABLE "DOLBOM"."BOARD" MODIFY ("B_DATE" NOT NULL ENABLE);
  ALTER TABLE "DOLBOM"."BOARD" MODIFY ("CONTENT" NOT NULL ENABLE);
  ALTER TABLE "DOLBOM"."BOARD" MODIFY ("TITLE" NOT NULL ENABLE);
  ALTER TABLE "DOLBOM"."BOARD" MODIFY ("A_ID" NOT NULL ENABLE);
  ALTER TABLE "DOLBOM"."BOARD" MODIFY ("IDX" NOT NULL ENABLE);
--------------------------------------------------------
--  Constraints for Table FRQNTASKQS
--------------------------------------------------------

  ALTER TABLE "DOLBOM"."FRQNTASKQS" ADD CONSTRAINT "FRQNTASKQS_PK" PRIMARY KEY ("F_IDX")
  USING INDEX PCTFREE 10 INITRANS 2 MAXTRANS 255 COMPUTE STATISTICS 
  STORAGE(INITIAL 65536 NEXT 1048576 MINEXTENTS 1 MAXEXTENTS 2147483645
  PCTINCREASE 0 FREELISTS 1 FREELIST GROUPS 1 BUFFER_POOL DEFAULT FLASH_CACHE DEFAULT CELL_FLASH_CACHE DEFAULT)
  TABLESPACE "SYSTEM"  ENABLE;
  ALTER TABLE "DOLBOM"."FRQNTASKQS" MODIFY ("F_CONTENT" NOT NULL ENABLE);
  ALTER TABLE "DOLBOM"."FRQNTASKQS" MODIFY ("F_TITLE" NOT NULL ENABLE);
  ALTER TABLE "DOLBOM"."FRQNTASKQS" MODIFY ("Q_IDX" NOT NULL ENABLE);
  ALTER TABLE "DOLBOM"."FRQNTASKQS" MODIFY ("A_ID" NOT NULL ENABLE);
  ALTER TABLE "DOLBOM"."FRQNTASKQS" MODIFY ("F_IDX" NOT NULL ENABLE);
--------------------------------------------------------
--  Constraints for Table GUIDE
--------------------------------------------------------

  ALTER TABLE "DOLBOM"."GUIDE" ADD CONSTRAINT "GUIDE_PK" PRIMARY KEY ("G_IDX")
  USING INDEX PCTFREE 10 INITRANS 2 MAXTRANS 255 COMPUTE STATISTICS 
  STORAGE(INITIAL 65536 NEXT 1048576 MINEXTENTS 1 MAXEXTENTS 2147483645
  PCTINCREASE 0 FREELISTS 1 FREELIST GROUPS 1 BUFFER_POOL DEFAULT FLASH_CACHE DEFAULT CELL_FLASH_CACHE DEFAULT)
  TABLESPACE "SYSTEM"  ENABLE;
  ALTER TABLE "DOLBOM"."GUIDE" MODIFY ("G_CONTENT" NOT NULL ENABLE);
  ALTER TABLE "DOLBOM"."GUIDE" MODIFY ("G_TITLE" NOT NULL ENABLE);
  ALTER TABLE "DOLBOM"."GUIDE" MODIFY ("A_ID" NOT NULL ENABLE);
  ALTER TABLE "DOLBOM"."GUIDE" MODIFY ("G_IDX" NOT NULL ENABLE);
--------------------------------------------------------
--  Constraints for Table MEMBER
--------------------------------------------------------

  ALTER TABLE "DOLBOM"."MEMBER" ADD CONSTRAINT "USER_PK" PRIMARY KEY ("USERID")
  USING INDEX PCTFREE 10 INITRANS 2 MAXTRANS 255 
  STORAGE(INITIAL 65536 NEXT 1048576 MINEXTENTS 1 MAXEXTENTS 2147483645
  PCTINCREASE 0 FREELISTS 1 FREELIST GROUPS 1 BUFFER_POOL DEFAULT FLASH_CACHE DEFAULT CELL_FLASH_CACHE DEFAULT)
  TABLESPACE "SYSTEM"  ENABLE;
  ALTER TABLE "DOLBOM"."MEMBER" MODIFY ("PWD2" NOT NULL ENABLE);
  ALTER TABLE "DOLBOM"."MEMBER" MODIFY ("PWD" NOT NULL ENABLE);
  ALTER TABLE "DOLBOM"."MEMBER" MODIFY ("USERID" NOT NULL ENABLE);
--------------------------------------------------------
--  Constraints for Table MOMBOARD
--------------------------------------------------------

  ALTER TABLE "DOLBOM"."MOMBOARD" ADD PRIMARY KEY ("MB_ID")
  USING INDEX PCTFREE 10 INITRANS 2 MAXTRANS 255 COMPUTE STATISTICS 
  STORAGE(INITIAL 65536 NEXT 1048576 MINEXTENTS 1 MAXEXTENTS 2147483645
  PCTINCREASE 0 FREELISTS 1 FREELIST GROUPS 1 BUFFER_POOL DEFAULT FLASH_CACHE DEFAULT CELL_FLASH_CACHE DEFAULT)
  TABLESPACE "SYSTEM"  ENABLE;
  ALTER TABLE "DOLBOM"."MOMBOARD" MODIFY ("MB_CONTENT" NOT NULL ENABLE);
  ALTER TABLE "DOLBOM"."MOMBOARD" MODIFY ("MB_TITLE" NOT NULL ENABLE);
  ALTER TABLE "DOLBOM"."MOMBOARD" MODIFY ("CARE_DATE" NOT NULL ENABLE);
--------------------------------------------------------
--  Constraints for Table QUESTIONS
--------------------------------------------------------

  ALTER TABLE "DOLBOM"."QUESTIONS" ADD CONSTRAINT "QUESTIONS_PK" PRIMARY KEY ("Q_IDX")
  USING INDEX PCTFREE 10 INITRANS 2 MAXTRANS 255 COMPUTE STATISTICS 
  STORAGE(INITIAL 65536 NEXT 1048576 MINEXTENTS 1 MAXEXTENTS 2147483645
  PCTINCREASE 0 FREELISTS 1 FREELIST GROUPS 1 BUFFER_POOL DEFAULT FLASH_CACHE DEFAULT CELL_FLASH_CACHE DEFAULT)
  TABLESPACE "SYSTEM"  ENABLE;
  ALTER TABLE "DOLBOM"."QUESTIONS" MODIFY ("Q_DATE" NOT NULL ENABLE);
  ALTER TABLE "DOLBOM"."QUESTIONS" MODIFY ("Q_CONTENT" NOT NULL ENABLE);
  ALTER TABLE "DOLBOM"."QUESTIONS" MODIFY ("Q_TITLE" NOT NULL ENABLE);
  ALTER TABLE "DOLBOM"."QUESTIONS" MODIFY ("TYPE_INQRY" NOT NULL ENABLE);
  ALTER TABLE "DOLBOM"."QUESTIONS" MODIFY ("MEMBER_TYPE" NOT NULL ENABLE);
  ALTER TABLE "DOLBOM"."QUESTIONS" MODIFY ("PHONE" NOT NULL ENABLE);
  ALTER TABLE "DOLBOM"."QUESTIONS" MODIFY ("NAME" NOT NULL ENABLE);
  ALTER TABLE "DOLBOM"."QUESTIONS" MODIFY ("EMAIL" NOT NULL ENABLE);
  ALTER TABLE "DOLBOM"."QUESTIONS" MODIFY ("Q_IDX" NOT NULL ENABLE);
--------------------------------------------------------
--  Constraints for Table SITTERBOARD
--------------------------------------------------------

  ALTER TABLE "DOLBOM"."SITTERBOARD" ADD PRIMARY KEY ("SB_ID")
  USING INDEX PCTFREE 10 INITRANS 2 MAXTRANS 255 COMPUTE STATISTICS 
  STORAGE(INITIAL 65536 NEXT 1048576 MINEXTENTS 1 MAXEXTENTS 2147483645
  PCTINCREASE 0 FREELISTS 1 FREELIST GROUPS 1 BUFFER_POOL DEFAULT FLASH_CACHE DEFAULT CELL_FLASH_CACHE DEFAULT)
  TABLESPACE "SYSTEM"  ENABLE;
  ALTER TABLE "DOLBOM"."SITTERBOARD" MODIFY ("SB_CONTENT" NOT NULL ENABLE);
  ALTER TABLE "DOLBOM"."SITTERBOARD" MODIFY ("SB_TITLE" NOT NULL ENABLE);
--------------------------------------------------------
--  Ref Constraints for Table BOARD
--------------------------------------------------------

  ALTER TABLE "DOLBOM"."BOARD" ADD CONSTRAINT "BOARD_FK" FOREIGN KEY ("A_ID")
	  REFERENCES "DOLBOM"."ADMIN" ("A_ID") ENABLE;
--------------------------------------------------------
--  Ref Constraints for Table FRQNTASKQS
--------------------------------------------------------

  ALTER TABLE "DOLBOM"."FRQNTASKQS" ADD CONSTRAINT "FRQNTASKQS_FK" FOREIGN KEY ("A_ID")
	  REFERENCES "DOLBOM"."ADMIN" ("A_ID") ON DELETE CASCADE ENABLE;
  ALTER TABLE "DOLBOM"."FRQNTASKQS" ADD CONSTRAINT "FRQNTASKQS_FK2" FOREIGN KEY ("Q_IDX")
	  REFERENCES "DOLBOM"."QUESTIONS" ("Q_IDX") ON DELETE CASCADE ENABLE;
--------------------------------------------------------
--  Ref Constraints for Table GUIDE
--------------------------------------------------------

  ALTER TABLE "DOLBOM"."GUIDE" ADD CONSTRAINT "GUIDE_FK" FOREIGN KEY ("A_ID")
	  REFERENCES "DOLBOM"."ADMIN" ("A_ID") ENABLE;
--------------------------------------------------------
--  Ref Constraints for Table MOMBOARD
--------------------------------------------------------

  ALTER TABLE "DOLBOM"."MOMBOARD" ADD CONSTRAINT "FK_MOMBOARD_USERID" FOREIGN KEY ("USERID")
	  REFERENCES "DOLBOM"."MEMBER" ("USERID") ON DELETE CASCADE ENABLE;
--------------------------------------------------------
--  Ref Constraints for Table SITTERBOARD
--------------------------------------------------------

  ALTER TABLE "DOLBOM"."SITTERBOARD" ADD CONSTRAINT "FK_SITTERBOARD_USERID" FOREIGN KEY ("USERID")
	  REFERENCES "DOLBOM"."MEMBER" ("USERID") ON DELETE CASCADE ENABLE;
